fid;fg;ftype;fname;foptions;ftitle;mts;shortname;in_view
10000001;10000;text;Zentrumssnummer;;Institution;"2025-10-13 12:39:01";;
10000002;10000;text;Zentrumsname;;Institution;"2025-10-13 12:39:01";;
10000003;10000;text;Ansprechpartner*in;;Institution;"2025-10-13 12:39:01";;
10000004;10000;text;E-Mail;;Institution;"2025-10-13 12:39:01";;
10000005;10000;text;Telefon;;Institution;"2025-10-13 12:39:01";;
10000010;10000;number;"Zentrums-ID (Gruppe)";0|100|1;Institution;"2025-10-13 12:39:01";;
10000021;10000;select;Hämoglobin;g/dl|mmol/l;Institution;"2025-10-13 12:39:01";;
33;10003;text;patient_zuletzt_informiert;;Patient;"2026-01-22 15:42:44";;
91;10003;text_1_col_30;Praxis-Nummer;;Patient;"2026-01-22 15:42:44";;
92;10003;text_1_col_30;Cedur-Nr.|Automatikfeld;;Patient;"2026-01-22 15:42:44";;
95;10003;select_1_col_30;[CEDUR3.Allgemein.CDAI001]Diagnose;"Morbus Crohn|Colitis ulcerosa|Colitis indeterminata";Patient;"2026-01-22 15:42:44";;
96;10003;select_1_col_30;Geschlecht;weiblich|männlich|divers;Patient;"2026-01-22 15:42:44";;
97;10003;text;Groesse;;Patient;"2026-01-22 15:42:44";;
100;10003;text;E;;Patient;"2026-01-22 15:42:44";;
101;10003;text;created;;Patient;"2026-01-22 15:42:44";;
102;10003;text;oldpid;;Patient;"2026-01-22 15:42:44";;
99921;10003;start_fieldset;Patient;;Patient;"2026-01-22 15:42:44";;
99922;10003;start_fieldset;;;Patient;"2026-01-22 15:42:44";;
999467;10003;info_100;;;Patient;"2026-01-22 15:42:44";;
10003017;10003;date;"Patient verstorben |Datum";;Patient;"2026-01-22 15:42:44";;
10003020;10003;number_1_col_30;Geburtsjahr;1910|this_year|1;Patient;"2026-01-22 15:42:44";;
10003040;10003;text_1_col_30;E-Mail;;Patient;"2026-01-22 15:42:44";;
10003050;10003;idonly_100;;;Patient;"2026-01-22 15:42:44";;
10003110;10003;radio_cb;"Biobank Aufklärung unterschrieben";;Patient;"2026-01-22 15:42:44";;
10003120;10003;select_mt;Biomaterial;Blut|Stuhl|Gewebe|Urin|Speichelprobe;Patient;"2026-01-22 15:42:44";;
10005020;10003;text;;;Patient;"2026-01-22 15:42:44";;
90;10005;text;pid;;Visite;"2025-10-05 15:26:56";;
91;10005;text;Praxis-ID;;Visite;"2025-10-05 15:26:56";;
92;10005;text;Cedur-Nr.;;Visite;"2025-10-05 15:26:56";;
93;10005;text;Visite;;Visite;"2025-10-05 15:26:56";;
94;10005;text;Baseline;;Visite;"2025-10-05 15:26:56";;
95;10005;text;Diagnose;;Visite;"2025-10-05 15:26:56";;
96;10005;text;Geschlecht;;Visite;"2025-10-05 15:26:56";;
100;10005;text;E;;Visite;"2025-10-05 15:26:56";;
10005020;10005;date;"Datum der Visite";;Visite;"2025-10-05 15:26:56";;
90;10010;text;pid;;Patientenfragebogen;"2026-01-25 11:44:12";;
91;10010;text;Praxis-ID;;Patientenfragebogen;"2026-01-25 11:44:12";;
92;10010;text;Cedur-Nr.;;Patientenfragebogen;"2026-01-25 11:44:12";;
93;10010;text;VID;;Patientenfragebogen;"2026-01-25 11:44:12";;
94;10010;text;Baseline;;Patientenfragebogen;"2026-01-25 11:44:12";;
95;10010;text;Diagnose;;Patientenfragebogen;"2026-01-25 11:44:12";;
96;10010;text;geschlecht;;Patientenfragebogen;"2026-01-25 11:44:12";;
100;10010;text;Error;;Patientenfragebogen;"2026-01-25 11:44:12";;
5915;10010;info_100;"Vielen Dank, dass Sie sich bereits die Zeit genommen haben, unseren Fragebogen auszufüllen. Uns ist bewusst, dass dies mit Aufwand verbunden ist. Der folgende Abschnitt ist daher freiwillig – wir würden uns jedoch sehr freuen, wenn Sie auch diesen beantworten. Ihre Angaben helfen dabei, die Behandlungsqualität weiter zu verbessern – zu Ihrem Nutzen und dem anderer Patientinnen und Patienten.<br>@blank@";;Patientenfragebogen;"2026-01-25 11:44:12";;
9501;10010;logicblock_100;"Morbus Crohn";;Patientenfragebogen;"2026-01-25 11:44:12";;
9503;10010;logicblock_100;"Colitis ulcerosa Colitis indeterminata";;Patientenfragebogen;"2026-01-25 11:44:12";;
9504;10010;logicblock_100;"Colitis ulcerosa";;Patientenfragebogen;"2026-01-25 11:44:12";;
9507;10010;logicblock_100;weiblich;;Patientenfragebogen;"2026-01-25 11:44:12";;
9517;10010;start_fieldset;"<span id='C_9517'></span>Stuhldrang";;Patientenfragebogen;"2026-01-25 11:44:12";;
101902;10010;checkbox_base_60_indent;"Nur terminales Ileum";;Patientenfragebogen;"2026-01-25 11:44:12";;
101904;10010;checkbox_base_60_indent;"Nur Colon";;Patientenfragebogen;"2026-01-25 11:44:12";;
101906;10010;checkbox_base_60_indent;Ileo-Colon;;Patientenfragebogen;"2026-01-25 11:44:12";;
101908;10010;checkbox_base_60_indent;"Oberer GI-Trakt (Öspohagus u./o. Magen u./o. Duodenum)";;Patientenfragebogen;"2026-01-25 11:44:12";;
101910;10010;checkbox_base_60_indent;"Dünndarmbefall (Jejunum / Ileum (außer term. Ileum)";;Patientenfragebogen;"2026-01-25 11:44:12";;
102000;10010;select;"[CEDUR3.Allgemein.Montreal_Lokalisation_CU]Benennen Sie bitte die Lokalisation (Colitis ulcerosa)";"Proktitis|Linksseiten Colitis|Pancolitis";Patientenfragebogen;"2026-01-25 11:44:12";;
102200;10010;date_tc;"[CEDUR3.Allgemein.DatumErstdiagnose]Datum der Erstdiagnose|in Jahr (vierstellig)";1960|this_year|true|false|Y(M)|de;Patientenfragebogen;"2026-01-25 11:44:12";;
102300;10010;date_tc;"[CEDUR3.Allgemein.DatumErsteSymptome]Erste Symptome Ihrer Erkrankung?|in Jahr (vierstellig)";1960|this_year|true|false|Y(M)|de;Patientenfragebogen;"2026-01-25 11:44:12";;
102400;10010;radio_cb;"[CEDUR3.Allgemein.CDAI003]Waren Sie seit der letzten Visite wegen Ihrer CED im Krankenhaus?";Ja|Nein;Patientenfragebogen;"2026-01-25 11:44:12";;
102411;10010;select;"Haben Sie Probleme einzuschlafen?<br><font style='color:gray'>(0 für kein Problem bis 10 für schlimmste Probleme)</font>";0|1|2|3|4|5|6|7|8|9|10;Patientenfragebogen;"2026-01-25 11:44:12";;
102412;10010;select;"Haben Sie Probleme die Nacht durchzuschlafen?<br><font style='color:gray'>(0 für kein Problem bis 10 für schlimmste Schlafstörungen)</font>";0|1|2|3|4|5|6|7|8|9|10;Patientenfragebogen;"2026-01-25 11:44:12";;
102500;10010;number;"[CEDUR3.Allgemein.CDAI003Tage]@10@➥ Wieviele Tage?";1|300|1;Patientenfragebogen;"2026-01-25 11:44:12";;
102600;10010;number;"[CEDUR3.Allgemein.CDAI_Size]<span id='C_102600'></span>Wie groß sind Sie?|in cm";110|240|1;Patientenfragebogen;"2026-01-25 11:44:12";;
102700;10010;number;"[CEDUR3.Allgemein.CDAI006]<span id='C_102700'></span>Wie viel wiegen Sie?|in kg";30|300|1;Patientenfragebogen;"2026-01-25 11:44:12";;
102705;10010;text_span;"@10@➥ Ihr BMI|Automatikfeld";;Patientenfragebogen;"2026-01-25 11:44:12";;
102800;10010;radio_cb;"[CEDUR3.Allgemein.Raucher]Rauchen Sie?";Ja|Nein;Patientenfragebogen;"2026-01-25 11:44:12";;
102805;10010;radio_cb;"Waren Sie früher Raucher?";Ja|Nein;Patientenfragebogen;"2026-01-25 11:44:12";;
102806;10010;select;"Wie intensiv haben Sie geraucht?";"gelegentlich|moderat|viel|sehr viel";Patientenfragebogen;"2026-01-25 11:44:12";;
102815;10010;select_mt;"Bevorzugen Sie eine spezielle Ernährungsform?";"Nein|Allergenarme Kost/ Exklusionsdiät (z.B. Nussallergie o.ä.)|Ballaststoffarm|Ballaststoffreich|Exklusive Enterale Ernährung (mit Trinknahrung)|FODMAP ( Blähungen)|Fruktosefrei/-arm|Gluten-frei /-arm|Zuckerverzicht|Laktosefrei/-arm|Proteinreich|Vegan|Vegetarisch";Patientenfragebogen;"2026-01-25 11:44:12";;
103000;10010;text;"[CEDUR3.Allgemein.menge_ezig]@30@Wie viele E-Zigaretten pro Tag?|in Stck.";0|150|1;Patientenfragebogen;"2026-01-25 11:44:12";;
103100;10010;text;"[CEDUR3.Allgemein.mengepfeif]@30@Wie viele Pfeifen pro Tag?|in Stck.";0|150|1;Patientenfragebogen;"2026-01-25 11:44:12";;
103200;10010;text;"[CEDUR3.Allgemein.menge_tabaker]@30@Wie viele Tabakerhitzer pro Tag?|in Stck.";0|150|1;Patientenfragebogen;"2026-01-25 11:44:12";;
103300;10010;text;"[CEDUR3.Allgemein.menge_zigar]@30@Wie viele Zigarillos / Zigarren pro Tag?|in Stck.";0|150|1;Patientenfragebogen;"2026-01-25 11:44:12";;
103400;10010;text;"[CEDUR3.Allgemein.menge_zigarette]@30@Wie viele Zigaretten pro Tag?|in Stck.";0|150|1;Patientenfragebogen;"2026-01-25 11:44:12";;
103500;10010;number;"[CEDUR3.Allgemein.CDAI009]<span id='C_103500'></span>Wie viele flüssige / breiige Stuhlgänge (Bei Stoma: Beutelentleerungen) hatten Sie in der vergangenen Woche durchschnittlich pro Tag?";0|50|0.1;Patientenfragebogen;"2026-01-25 11:44:12";;
103505;10010;radio_cb;"<span id='C_103505'></span>[CEDUR3.lebensqualitaet.CACP_8]Nehmen Sie regelmäßig Durchfallmedikamente?";Ja|Nein;Patientenfragebogen;"2026-01-25 11:44:12";;
103600;10010;select;"[CEDUR3.Allgemein.CDAI014]<span id='C_103600'></span>Blutbeimengungen beim Stuhl";"kein Blut|Blut bei weniger als der Hälfte der Stuhlgänge|deutliche Blutbeimengung|Blut auch ohne Stuhl";Patientenfragebogen;"2026-01-25 11:44:12";;
103700;10010;select;"[CEDUR3.Allgemein.mayo_pga]<span id='C_103700'></span>Globale Beurteilung des Krankheitszustandes";"normal|mild|moderate Erkrankung|schwere Erkrankung";Patientenfragebogen;"2026-01-25 11:44:12";;
103800;10010;select;"[CEDUR3.Allgemein.mayo_endo]<span id='C_103800'></span>Endoskopischer Befund Mayo Score";"kein Befund vorhanden|normaler Befund oder inaktive Erkrankung|milde Colitis (Erythem, leicht spröde Schleimhaut)|moderate Colitis (deutliches Erythem, Erosionen, Gefässmuster verschwunden)|schwere Colitis (Ulzerationen, spontane Blutungen)";Patientenfragebogen;"2026-01-25 11:44:12";;
103801;10010;select;"[CEDUR3.Allgemein.mayo_endo]Histologische Untersuchung mit Dysplasien";"Keine|Leichte|Mittlere|Schwere|Colitis assoziiertes Colon-Carcinom|Adenom assoziiertes Colon-Carcinom";Patientenfragebogen;"2026-01-25 11:44:12";;
103900;10010;select;"[CEDUR3.Allgemein.CDAI010]<span id='C_103900'></span>Bauchschmerzen über die letzten 7 Tage";keine|leichte|mäßige|schwere;Patientenfragebogen;"2026-01-25 11:44:12";;
104000;10010;select;"[CEDUR3.Allgemein.CDAI011]<span id='C_104000'></span>Ihr Allgemeinbefinden über die letzten 7 Tage";"gut|beeinträchtigt|schlecht|sehr schlecht|unerträglich";Patientenfragebogen;"2026-01-25 11:44:12";;
104200;10010;radio_cb;"[CEDUR3.Allgemein.CDAI012]<span id='C_104200'></span>Haben Sie aktuell Fisteln?";Ja|Nein;Patientenfragebogen;"2026-01-25 11:44:12";;
104300;10010;radio_cb;"[CEDUR3.Allgemein.fistelact]@30@<span id='C_104300'></span>Perianale Crohn Erkrankung (z.B. Fisteln, Fissuren, Abszesse)";Ja|Nein;Patientenfragebogen;"2026-01-25 11:44:12";;
104400;10010;radio_cb;"[CEDUR3.Allgemein.fist_and]@30@<span id='C_104400'></span>Andere Fisteln (z.B. rektovesikal, Bauchdeckenfistel etc.)";Ja|Nein;Patientenfragebogen;"2026-01-25 11:44:12";;
104500;10010;radio_cb;"[CEDUR3.Allgemein.CDAI012_hatten]Hatten Sie in der Vergangenheit Fisteln? (Wenn Sie nicht wissen, was das ist, haben bzw. hatten Sie auch keine)";Ja|Nein;Patientenfragebogen;"2026-01-25 11:44:12";;
104800;10010;radio_cb;"[CEDUR3.Allgemein.Stenosen]@30@Hat oder hatte der Patient Stenosen?";Ja|Nein;Patientenfragebogen;"2026-01-25 11:44:12";;
104900;10010;checkbox_base_30;[CEDUR3.Allgemein.stenose_ort]Dünndarmstenose;;Patientenfragebogen;"2026-01-25 11:44:12";;
104910;10010;checkbox_base_30;[CEDUR3.Allgemein.stenose_ort]Dickdarmstenose;;Patientenfragebogen;"2026-01-25 11:44:12";;
105000;10010;radio_cb;"[CEDUR3.Allgemein.Verwandte]Sind Verwandte von Ihnen an einer CED erkrankt?";Ja|Nein;Patientenfragebogen;"2026-01-25 11:44:12";;
105100;10010;radio_cb;"[CEDUR3.Allgemein.Verwandte_MutterVater]@10@➥ Mutter / Vater";Ja|Nein;Patientenfragebogen;"2026-01-25 11:44:12";;
105200;10010;radio_cb;"[CEDUR3.Allgemein.Verwandte_BruderSchwester]@30@Bruder / Schwester";Ja|Nein;Patientenfragebogen;"2026-01-25 11:44:12";;
105300;10010;radio_cb;"[CEDUR3.Allgemein.zwilling]@30@➥ Zwilling";Ja|Nein;Patientenfragebogen;"2026-01-25 11:44:12";;
105400;10010;radio_cb;"[CEDUR3.Allgemein.Verwandte_SohnTochter]@30@Sohn / Tochter";Ja|Nein;Patientenfragebogen;"2026-01-25 11:44:12";;
105500;10010;radio_cb;"[CEDUR3.Allgemein.Verwandte_GrossvaterGrossmutter]@30@Großvater / Großmutter";Ja|Nein;Patientenfragebogen;"2026-01-25 11:44:12";;
105600;10010;radio_cb;"[CEDUR3.Allgemein.Verwandte_TanteOnkel]@30@Tante / Onkel";Ja|Nein;Patientenfragebogen;"2026-01-25 11:44:12";;
105700;10010;radio_cb;"[CEDUR3.Allgemein.Verwandte_NeffeNichte]@30@Neffe / Nichte";Ja|Nein;Patientenfragebogen;"2026-01-25 11:44:12";;
105800;10010;radio_cb;"[CEDUR3.Allgemein.Verwandte_CousinCousine]@30@Cousin / Cousine";Ja|Nein;Patientenfragebogen;"2026-01-25 11:44:12";;
105900;10010;radio_cb;[CEDUR3.Allgemein.Verwandte_Andere]@30@Andere;Ja|Nein;Patientenfragebogen;"2026-01-25 11:44:12";;
106000;10010;select;"[CEDUR3.Allgemein.taetigkeit]Wie sind Sie zur Zeit tätig?";"Angestellt tätig|Selbständig tätig|Student / Schüler / in Ausbildung|Elternzeit|Arbeitssuchend / Arbeitslos|Nicht berufstätig|Rentner (aufgrund CED)|Rentner (aufgrund anderer Erkrankungen)|Rentner (reguläre Altersrente)";Patientenfragebogen;"2026-01-25 11:44:12";;
106100;10010;text;"[CEDUR3.Allgemein.berentedErkrankung]@10@Aufgrund welcher Erkrankung sind sie berentet?";;Patientenfragebogen;"2026-01-25 11:44:12";;
106200;10010;radio_cb;"[CEDUR3.Allgemein.CDAI002]@30@Waren Sie seit der letzten Visite aufgrund Ihrer CED krankgeschrieben?";Ja|Nein;Patientenfragebogen;"2026-01-25 11:44:12";;
106300;10010;number;"[CEDUR3.Allgemein.Fehltage]@30@➥ Wie viele Tage?|Angabe in Tagen";1|180|1;Patientenfragebogen;"2026-01-25 11:44:12";;
106400;10010;number;"[CEDUR3.Allgemein.Rentezeit]@10@Seit wann sind Sie wegen Ihrer CED berentet?|Jahr (vierstellig)";1950|this_year|1;Patientenfragebogen;"2026-01-25 11:44:12";;
106500;10010;text;"[CEDUR3.Allgemein.Erwerb]@10@➥ Welche Erwerbstätigkeit üben Sie derzeit aus (Beruf)?";;Patientenfragebogen;"2026-01-25 11:44:12";;
106600;10010;select;"[CEDUR3.Allgemein.Erwer_h]@30@Umfang der aktuellen Tätigkeit in Stunden?";"Vollzeit (>30h)|Teilzeit I (21h-30h)|Teilzeit II (bis 20h)";Patientenfragebogen;"2026-01-25 11:44:12";;
106700;10010;select;"[CEDUR3.Allgemein.Erwerb_Schul]Welchen Schulabschluß haben Sie?";"Keinen Schulabschluß|Hauptschulabschluß|Mittlere Reife|Abitur/Fachabitur";Patientenfragebogen;"2026-01-25 11:44:12";;
106701;10010;select;"Welches ist Ihr höchster Bildungsabschluß?";"kein Abschluß|Abgeschlossene Berufsausbildung|Bachelor|Master|Promotion|Habilitation";Patientenfragebogen;"2026-01-25 11:44:12";;
106900;10010;select;"[CEDUR3.Allgemein.DarmOP]Sind Sie schon einmal wegen Ihrer CED am Darm operiert worden?";"Nein|1 Mal|2 Mal|3 Mal|4 Mal|5 Mal|>5 Mal";Patientenfragebogen;"2026-01-25 11:44:12";;
107100;10010;date_tc_1;[CEDUR3.Allgemein.DarmOP_1_Datum];1950|this_year|true|false|Y(M)|de;Patientenfragebogen;"2026-01-25 11:44:12";;
107200;10010;select_1;"[CEDUR3.Allgemein.DarmOP_1Art]|Art der 1. OP";"Colektomie|Dünndarm-Resektion|Fistel- / Abszess-OP|Ileocoecal-Resektion|Colon-Teil-Resektion|Pouchanlage|Dauerhaftes Stoma|Vorübergehendes Stoma|protektives Ileostoma";Patientenfragebogen;"2026-01-25 11:44:12";;
107400;10010;date_tc_1;[CEDUR3.Allgemein.DarmOP_2_Datum];1950|this_year|true|false|Y(M)|de;Patientenfragebogen;"2026-01-25 11:44:12";;
107500;10010;select_1;"[CEDUR3.Allgemein.DarmOP_2Art]|Art der 2. OP";"Colektomie|Dünndarm-Resektion|Fistel- / Abszess-OP|Ileocoecal-Resektion|Colon-Teil-Resektion|Pouchanlage|Dauerhaftes Stoma|Vorübergehendes Stoma|protektives Ileostoma";Patientenfragebogen;"2026-01-25 11:44:12";;
107700;10010;date_tc_1;[CEDUR3.Allgemein.DarmOP_3_Datum];1950|this_year|true|false|Y(M)|de;Patientenfragebogen;"2026-01-25 11:44:12";;
107800;10010;select_1;"[CEDUR3.Allgemein.DarmOP_3Art]|Art der 3. OP";"Colektomie|Dünndarm-Resektion|Fistel- / Abszess-OP|Ileocoecal-Resektion|Colon-Teil-Resektion|Pouchanlage|Dauerhaftes Stoma|Vorübergehendes Stoma|protektives Ileostoma";Patientenfragebogen;"2026-01-25 11:44:12";;
108000;10010;date_tc_1;[CEDUR3.Allgemein.DarmOP_4_Datum];1950|this_year|true|false|Y(M)|de;Patientenfragebogen;"2026-01-25 11:44:12";;
108100;10010;select_1;"[CEDUR3.Allgemein.DarmOP_4Art]|Art der 4. OP";"Colektomie|Dünndarm-Resektion|Fistel- / Abszess-OP|Ileocoecal-Resektion|Colon-Teil-Resektion|Pouchanlage|Dauerhaftes Stoma|Vorübergehendes Stoma|protektives Ileostoma";Patientenfragebogen;"2026-01-25 11:44:12";;
108300;10010;date_tc_1;[CEDUR3.Allgemein.DarmOP_5_Datum];1950|this_year|true|false|Y(M)|de;Patientenfragebogen;"2026-01-25 11:44:12";;
108400;10010;select_1;"[CEDUR3.Allgemein.DarmOP-5Art]|Art der 5. OP";"Colektomie|Dünndarm-Resektion|Fistel- / Abszess-OP|Ileocoecal-Resektion|Colon-Teil-Resektion|Pouchanlage|Dauerhaftes Stoma|Vorübergehendes Stoma|protektives Ileostoma";Patientenfragebogen;"2026-01-25 11:44:12";;
108500;10010;radio_cb;"[CEDUR3.Allgemein.Schwanger]Sind Sie schwanger?";Ja|Nein;Patientenfragebogen;"2026-01-25 11:44:12";;
108600;10010;number;"[CEDUR3.Allgemein.Schwanger_Woche]@10@➥ In welcher Woche sind Sie schwanger?|Angabe Woche 4 bis 45";4|45|1;Patientenfragebogen;"2026-01-25 11:44:12";;
108700;10010;date_ab;"[CEDUR3.Allgemein.Schwanger_Geburtstermin]@30@Wann ist der errechnete Geburtstermin?";this_year|next_year|false|true|Y(MD)|de;Patientenfragebogen;"2026-01-25 11:44:12";;
108800;10010;radio_cb;"[CEDUR3.Allgemein.Schwanger_CED Behandlung]@30@Wurde wegen der Schwangerschaft die CED Behandlung verändert?";Ja|Nein;Patientenfragebogen;"2026-01-25 11:44:12";;
108900;10010;radio_cb;"[CEDUR3.Allgemein.Schwanger_vorherige Schwangerschaften]@30@Waren Sie vor dieser aktuellen Schwangerschaft schon einmal schwanger?";Ja|Nein;Patientenfragebogen;"2026-01-25 11:44:12";;
109000;10010;select;"[CEDUR3.Allgemein.Schwanger_vorherige Schwangerschafte_Anzahl]@30@➥ Anzahl der Schwangerschaften (ohne die aktuelle)?|Angabe 1 bis ≥7";1|2|3|4|5|6|≥7;Patientenfragebogen;"2026-01-25 11:44:12";;
109001;10010;text;Mayo;;Patientenfragebogen;"2026-01-25 11:44:12";;
109002;10010;text;Mayo_p;;Patientenfragebogen;"2026-01-25 11:44:12";;
109003;10010;text;SES;;Patientenfragebogen;"2026-01-25 11:44:12";;
109004;10010;text;CDAI;;Patientenfragebogen;"2026-01-25 11:44:12";;
109005;10010;text;SIDBQ;;Patientenfragebogen;"2026-01-25 11:44:12";;
109006;10010;text;PROMIS;;Patientenfragebogen;"2026-01-25 11:44:12";;
109007;10010;text;FACIT;;Patientenfragebogen;"2026-01-25 11:44:12";;
109008;10010;text;HBI;;Patientenfragebogen;"2026-01-25 11:44:12";;
109100;10010;radio_cb;"[CEDUR3.Allgemein.Schwanger_Schwangerschaftsanzahl]Waren Sie schon einmal schwanger?";Ja|Nein;Patientenfragebogen;"2026-01-25 11:44:12";;
109200;10010;select;"[CEDUR3.Allgemein.Schwanger_Schwangerschaftsanzahl_Zahl]@10@➥ Anzahl der Schwangerschaften?|Angabe 1 bis ≥7";1|2|3|4|5|6|≥7;Patientenfragebogen;"2026-01-25 11:44:12";;
109300;10010;radio_cb;"[CEDUR3.Allgemein.Schwanger_Schwangerschaftsanzahl_Lebendgeburt]@30@War die letzte Schwangerschaft innerhalb der letzten 6 Monate?";Ja|Nein;Patientenfragebogen;"2026-01-25 11:44:12";;
109400;10010;radio_cb;"[CEDUR3.Allgemein.Schwanger_Schwangerschaftsanzahl_Lebendgeburt_Komplikationen]@30@➥ Gab es Komplikationen während Ihrer letzten Schwangerschaft?";Ja|Nein;Patientenfragebogen;"2026-01-25 11:44:12";;
109500;10010;number;"[CEDUR3.Allgemein.Schwanger_Schwangerschaftsanzahl_Lebendgeburt_SSW]@30@Schwangerschaftswoche bei Geburt?";22|43|1;Patientenfragebogen;"2026-01-25 11:44:12";;
109600;10010;select;"[CEDUR3.Allgemein.Schwanger_Schwangerschaftsanzahl_Lebendgeburt_Verlauf]@30@Wie verlief die Geburt?";"spontan|geplanter Kaiserschnitt|spontaner Kaiserschnitt|vaginal-operative Entbindung (Verwendung von Saugglocke oder Geburtszange)";Patientenfragebogen;"2026-01-25 11:44:12";;
109700;10010;select;"[CEDUR3.Allgemein.Schwanger_Schwangerschaftsanzahl_Lebendgeburt_Geschlecht]@30@Geschlecht des Kindes?";männlich|weiblich;Patientenfragebogen;"2026-01-25 11:44:12";;
109800;10010;number;"[CEDUR3.Allgemein.Schwanger_Schwangerschaftsanzahl_Lebendgeburt_Gewicht]@30@Geburtsgewicht?|in g";400|10000|1;Patientenfragebogen;"2026-01-25 11:44:12";;
109900;10010;number;"[CEDUR3.Allgemein.Schwanger_Schwangerschaftsanzahl_Lebendgeburt_Größe]@30@Körpergröße bei Geburt?|in cm";20|700|1;Patientenfragebogen;"2026-01-25 11:44:12";;
110000;10010;number;"[CEDUR3.Allgemein.Schwanger_Schwangerschaftsanzahl_Lebendgeburt_Kopf]@30@Kopfumfang bei Geburt?|in cm";20|100|1;Patientenfragebogen;"2026-01-25 11:44:12";;
110100;10010;radio_cb;"[CEDUR3.Allgemein.Schwanger_Schwangerschaftsanzahl_Lebendgeburt_Status]@30@Ist Ihr Kind gesund?";Ja|Nein;Patientenfragebogen;"2026-01-25 11:44:12";;
110200;10010;number;"[CEDUR3.Allgemein.labor_hct]<span id='C_110200'></span>Hämatokrit|in %";15|60|1;Patientenfragebogen;"2026-01-25 11:44:12";;
110400;10010;radio_cb;"[CEDUR3.Allgemein.labor_calpr]Calprotectin größer 50mg/kg";Ja|Nein;Patientenfragebogen;"2026-01-25 11:44:12";;
110500;10010;number;"[CEDUR3.Allgemein.labor_calpro_value]➥ Calprotectin Wert";51|10000|1;Patientenfragebogen;"2026-01-25 11:44:12";;
110511;10010;number;"Thrombozyten (optional)|in /nl";0|10000|0.01;Patientenfragebogen;"2026-01-25 11:44:12";;
110600;10010;pair_numb_sel_1;[CEDUR3.Allgemein.labor_hb]Hämoglobin;2|25|0.01;Patientenfragebogen;"2026-01-25 11:44:12";;
110602;10010;pair_text_sel_2;"[CEDUR3.Allgemein.labor_hb_einheit]`Einh.`|Bitte Einheit angeben";g/dl|mmol/l;Patientenfragebogen;"2026-01-25 11:44:12";;
110700;10010;number;"[CEDUR3.Allgemein.labor_ferritin]Ferritin|in ng/ml";0|10000|0.01;Patientenfragebogen;"2026-01-25 11:44:12";;
110900;10010;radio_cb;"[CEDUR3.Allgemein.labor_crpgross]`CRP>5`CRP größer 5mg/l";Ja|Nein;Patientenfragebogen;"2026-01-25 11:44:12";;
110905;10010;radio_cb;"Wurden Nebenwirkungen festgestellt, die durch die Medikation induziert wurden?";Ja|Nein;Patientenfragebogen;"2026-01-25 11:44:12";;
111000;10010;number;"[CEDUR3.Allgemein.mg/dl]➥ CRP|in mg/l";6|1000|0.01;Patientenfragebogen;"2026-01-25 11:44:12";;
111100;10010;number;"[CEDUR3.Allgemein.labor_albumin]`Albumin `Albumin";6|1000|0.01;Patientenfragebogen;"2026-01-25 11:44:12";;
111200;10010;radio_cb;"[CEDUR3.Allgemein.weitereErkrankungen]Haben Sie noch weitere Erkrankungen?";Ja|Nein;Patientenfragebogen;"2026-01-25 11:44:12";;
111301;10010;select_mt;"@10@➥Bitte wählen Sie die Erkrankungen";"Akne inversa|Asthma bronchiale|Bauchspeicheldrüsenkrebs|Blasenentzündung|Bluthochdruck|Brustkrebs|Darmkrebs|Diabetes mellitus|Depression|Eierstock-Krebs|Fatigue Syndrom (ständige Müdigkeit/ Abgeschlagenheit)|Fettstoffwechselstörung|Gallensteine|Grauer Star|Grüner Star|Gürtelrose (Herpes zoster)|Hautkrebs (schwarzer und weißer Hautkrebs)|Haarausfall|Hepatitis (A/ B/ C/ D oder E)|Herzinfarkt|Hodenkrebs|HIV|Koronare Herzkrankheit|Kurzdarmsyndrom|Leberzirrhose|Leukämie|Lungenkrebs|Lymphdrüsenkrebs|Migräne|Multiple Sklerose (MS)|Nierenerkrankung|Nierensteine|Osteoporose|PBC (Primär biliäre Zirrhose / Cholangitis)|Prostatakrebs|PSC (primär)|Rheumatoide Arthritis|Schilddrüsenüberfunktion|Schilddrüsenunterfunktion|Schlafstörungen|Schuppenflechte|Thrombose";Patientenfragebogen;"2026-01-25 11:44:12";;
115500;10010;textarea_1;"[CEDUR3.Allgemein.weitereErkrankungen_43]@30@ Andere Erkrankungen falls nicht in der Liste:";3;Patientenfragebogen;"2026-01-25 11:44:12";;
115600;10010;radio_cb;"[CEDUR3.Allgemein.eim_auge]@30@<span id='C_115600'></span>Augenbeteiligung (Iritis, Uveitis)";Ja|Nein;Patientenfragebogen;"2026-01-25 11:44:12";;
115700;10010;radio_cb;"[CEDUR3.Allgemein.eim_temp]@30@<span id='C_115700'></span>Körpertemperatur über 37,8°C";Ja|Nein;Patientenfragebogen;"2026-01-25 11:44:12";;
115800;10010;radio_cb;"[CEDUR3.Allgemein.eim_haut]@30@<span id='C_115800'></span>Erythema nodosum, Pyoderma gangraenosum, Stomatitis aphtosa";Ja|Nein;Patientenfragebogen;"2026-01-25 11:44:12";;
115900;10010;radio_cb;"[CEDUR3.Allgemein.eim_gelenk]@30@<span id='C_115900'></span>Gelenkschmerzen / Arthritis";Ja|Nein;Patientenfragebogen;"2026-01-25 11:44:12";;
116000;10010;radio_cb;"[CEDUR3.Allgemein.cdai_resist]@30@<span id='C_116000'></span>Resistenz im Abdomen";Ja|Nein|Fraglich;Patientenfragebogen;"2026-01-25 11:44:12";;
116100;10010;radio_cb;"[CEDUR3.Allgemein.SES_CD]<span id='C_116100'></span>SES-CD Score erhoben (MC oder CI)?";Ja|Nein;Patientenfragebogen;"2026-01-25 11:44:12";;
116202;10010;dbl_select_wrapped;;"keine|aphtoid < 0,5cm|0,5cm - 2cm|> 2cm";Patientenfragebogen;"2026-01-25 11:44:12";;
116204;10010;dbl_select_wrapped;;"keine|< 10%|10 - 30%|> 30%";Patientenfragebogen;"2026-01-25 11:44:12";;
116206;10010;dbl_select_wrapped;;"keine|< 50%|50 - 75%|> 75%";Patientenfragebogen;"2026-01-25 11:44:12";;
116208;10010;dbl_select_wrapped;[CEDUR3.Allgemein.SES_CD_1];"keine|singulär, passierbar|multipel, passierbar|nicht passierbar";Patientenfragebogen;"2026-01-25 11:44:12";;
116302;10010;dbl_select_wrapped;;"keine|aphtoid < 0,5cm|0,5cm - 2cm|> 2cm";Patientenfragebogen;"2026-01-25 11:44:12";;
116304;10010;dbl_select_wrapped;;"keine|< 10%|10 - 30%|> 30%";Patientenfragebogen;"2026-01-25 11:44:12";;
116306;10010;dbl_select_wrapped;;"keine|< 50%|50 - 75%|> 75%";Patientenfragebogen;"2026-01-25 11:44:12";;
116308;10010;dbl_select_wrapped;[CEDUR3.Allgemein.SES_CD_2];"keine|singulär, passierbar|multipel, passierbar|nicht passierbar";Patientenfragebogen;"2026-01-25 11:44:12";;
116402;10010;dbl_select_wrapped;;"keine|aphtoid < 0,5cm|0,5cm - 2cm|> 2cm";Patientenfragebogen;"2026-01-25 11:44:12";;
116404;10010;dbl_select_wrapped;;"keine|< 10%|10 - 30%|> 30%";Patientenfragebogen;"2026-01-25 11:44:12";;
116406;10010;dbl_select_wrapped;;"keine|< 50%|50 - 75%|> 75%";Patientenfragebogen;"2026-01-25 11:44:12";;
116408;10010;dbl_select_wrapped;[CEDUR3.Allgemein.SES_CD_3];"keine|singulär, passierbar|multipel, passierbar|nicht passierbar";Patientenfragebogen;"2026-01-25 11:44:12";;
116502;10010;dbl_select_wrapped;;"keine|aphtoid < 0,5cm|0,5cm - 2cm|> 2cm";Patientenfragebogen;"2026-01-25 11:44:12";;
116504;10010;dbl_select_wrapped;;"keine|< 10%|10 - 30%|> 30%";Patientenfragebogen;"2026-01-25 11:44:12";;
116506;10010;dbl_select_wrapped;;"keine|< 50%|50 - 75%|> 75%";Patientenfragebogen;"2026-01-25 11:44:12";;
116508;10010;dbl_select_wrapped;[CEDUR3.Allgemein.SES_CD_4];"keine|singulär, passierbar|multipel, passierbar|nicht passierbar";Patientenfragebogen;"2026-01-25 11:44:12";;
116602;10010;dbl_select_wrapped;;"keine|aphtoid < 0,5cm|0,5cm - 2cm|> 2cm";Patientenfragebogen;"2026-01-25 11:44:12";;
116604;10010;dbl_select_wrapped;;"keine|< 10%|10 - 30%|> 30%";Patientenfragebogen;"2026-01-25 11:44:12";;
116606;10010;dbl_select_wrapped;;"keine|< 50%|50 - 75%|> 75%";Patientenfragebogen;"2026-01-25 11:44:12";;
116608;10010;dbl_select_wrapped;[CEDUR3.Allgemein.SES_CD_5];"keine|singulär, passierbar|multipel, passierbar|nicht passierbar";Patientenfragebogen;"2026-01-25 11:44:12";;
116700;10010;select;"[CEDUR3.lebensqualitaet.SIDBQ_1]<table class='td_num'><tr><td>1.</td><td>Wie oft war das Gefühl von Abgeschlagenheit oder Müdigkeit und Abgespanntheit in den letzten zwei Wochen ein Problem für Sie?</td></tr></table>";"Ständig|Meistens|Ziemlich oft|Manchmal|Selten|Fast Nie|Nie";Patientenfragebogen;"2026-01-25 11:44:12";;
116800;10010;select;"[CEDUR3.lebensqualitaet.SIDBQ_2]<table class='td_num'><tr><td>2.</td><td>Wie oft mussten Sie aufgrund Ihrer Darmerkrankung in den letzten zwei Wochen Treffen mit Freunden und/oder Verwandten verschieben oder absagen?</td></tr></table>";"Ständig|Meistens|Ziemlich oft|Manchmal|Selten|Fast Nie|Nie";Patientenfragebogen;"2026-01-25 11:44:12";;
116900;10010;select;"[CEDUR3.lebensqualitaet.SIDBQ_3]<table class='td_num'><tr><td>3.</td><td>Hatten Sie in den letzten zwei Wochen aufgrund Ihrer Darmerkrankung Schwierigkeiten, gewünschten Sport- und Freizeitaktivitäten nachzugehen?</td></tr></table>";"Sehr grosse Schwierigkeiten|Grosse Schwierigkeiten|Ziemliche Schwierigkeiten|Etwas Schwierigkeiten|Wenig Schwierigkeiten|Kaum Schwierigkeiten|Keine Schwierigkeiten";Patientenfragebogen;"2026-01-25 11:44:12";;
117000;10010;select;"[CEDUR3.lebensqualitaet.SIDBQ_4]<table class='td_num'><tr><td>4.</td><td>Wie oft haben Sie in den letzten zwei Wochen unter Bauchschmerzen gelitten?</td></tr></table>";"Ständig|Meistens|Ziemlich oft|Manchmal|Selten|Fast Nie|Nie";Patientenfragebogen;"2026-01-25 11:44:12";;
117100;10010;select;"[CEDUR3.lebensqualitaet.SIDBQ_5]<table class='td_num'><tr><td>5.</td><td>Wie oft haben Sie sich in den letzten zwei Wochen bedrückt oder entmutigt gefühlt?</td></tr></table>";"Ständig|Meistens|Ziemlich oft|Manchmal|Selten|Fast Nie|Nie";Patientenfragebogen;"2026-01-25 11:44:12";;
117200;10010;select;"[CEDUR3.lebensqualitaet.SIDBQ_6]<table class='td_num'><tr><td>6.</td><td></b> Hatten Sie in den letzten zwei Wochen Probleme mit dem Abgehenlassen von Blähungen?</td></tr></table>";"Sehr grosse Probleme|Grosse Probleme|Ziemliche Probleme|Etwas Probleme|Wenig Probleme|Kaum Probleme|Kein Problem";Patientenfragebogen;"2026-01-25 11:44:12";;
117300;10010;select;"[CEDUR3.lebensqualitaet.SIDBQ_7]<table class='td_num'><tr><td>7.</td><td>Hatten Sie in den letzten zwei Wochen Probleme, Ihr gewünschtes Gewicht zu halten oder zu erreichen?</td></tr></table>";"Sehr grosse Probleme|Grosse Probleme|Ziemliche Probleme|Etwas Probleme|Wenig Probleme|Kaum Probleme|Kein Problem";Patientenfragebogen;"2026-01-25 11:44:12";;
117400;10010;select;"[CEDUR3.lebensqualitaet.SIDBQ_8]<table class='td_num'><tr><td>8.</td><td>Wie oft haben Sie sich in den letzten zwei Wochen locker und entspannt gefühlt?</td></tr></table>";"Ständig|Meistens|Ziemlich oft|Manchmal|Selten|Fast Nie|Nie";Patientenfragebogen;"2026-01-25 11:44:12";;
117500;10010;select;"[CEDUR3.lebensqualitaet.SIDBQ_9]<table class='td_num'><tr><td>9.</td><td>Wie oft haben Sie in den letzten zwei Wochen unter dem Gefühl gelitten, zur Toilette gehen zu müssen, obwohl Ihr Darm leer war?</td></tr></table>";"Ständig|Meistens|Ziemlich oft|Manchmal|Selten|Fast Nie|Nie";Patientenfragebogen;"2026-01-25 11:44:12";;
117600;10010;select;"[CEDUR3.lebensqualitaet.SIDBQ_10]<table class='td_num'><tr><td>10.</td><td>Wie oft haben Sie sich in den letzten zwei Wochen aufgrund Ihrer Darmerkrankung zornig gefühlt?</td></tr></table>";"Ständig|Meistens|Ziemlich oft|Manchmal|Selten|Fast Nie|Nie";Patientenfragebogen;"2026-01-25 11:44:12";;
117700;10010;select;"[CEDUR3.lebensqualitaet.FACIT_01]<table class='td_num'><tr><td>1.</td><td>Ich bin erschöpft</td></tr></table>";"Überhaupt nicht|Ein wenig|Mäßig|Ziemlich|Sehr";Patientenfragebogen;"2026-01-25 11:44:12";;
117800;10010;select;"[CEDUR3.lebensqualitaet.FACIT_02]<table class='td_num'><tr><td>2.</td><td>Ich fühle mich insgesamt schwach</td></tr></table>";"Überhaupt nicht|Ein wenig|Mäßig|Ziemlich|Sehr";Patientenfragebogen;"2026-01-25 11:44:12";;
117900;10010;select;"[CEDUR3.lebensqualitaet.FACIT_03]<table class='td_num'><tr><td>3.</td><td>Ich fühle mich lustlos (ausgelaugt)</td></tr></table>";"Überhaupt nicht|Ein wenig|Mäßig|Ziemlich|Sehr";Patientenfragebogen;"2026-01-25 11:44:12";;
118000;10010;select;"[CEDUR3.lebensqualitaet.FACIT_04]<table class='td_num'><tr><td>4.</td><td>Ich bin müde</td></tr></table>";"Überhaupt nicht|Ein wenig|Mäßig|Ziemlich|Sehr";Patientenfragebogen;"2026-01-25 11:44:12";;
118100;10010;select;"[CEDUR3.lebensqualitaet.FACIT_05]<table class='td_num'><tr><td>5.</td><td>Es fällt mir schwer, etwas anzufangen, weil ich müde bin</td></tr></table>";"Überhaupt nicht|Ein wenig|Mäßig|Ziemlich|Sehr";Patientenfragebogen;"2026-01-25 11:44:12";;
118200;10010;select;"[CEDUR3.lebensqualitaet.FACIT_06]<table class='td_num'><tr><td>6.</td><td>Es fällt mir schwer, etwas zu Ende zu führen, weil ich müde bin</td></tr></table>";"Überhaupt nicht|Ein wenig|Mäßig|Ziemlich|Sehr";Patientenfragebogen;"2026-01-25 11:44:12";;
118300;10010;select;"[CEDUR3.lebensqualitaet.FACIT_07]<table class='td_num'><tr><td>7.</td><td>Ich habe Energie</td></tr></table>";"Überhaupt nicht|Ein wenig|Mäßig|Ziemlich|Sehr";Patientenfragebogen;"2026-01-25 11:44:12";;
118400;10010;select;"[CEDUR3.lebensqualitaet.FACIT_08]<table class='td_num'><tr><td>8.</td><td>Ich bin in der Lage, meinen gewohnten Aktivitäten nachzugehen (Beruf, Einkaufen, Schule, Freizeit, Sport usw.)</td></tr></table>";"Überhaupt nicht|Ein wenig|Mäßig|Ziemlich|Sehr";Patientenfragebogen;"2026-01-25 11:44:12";;
118500;10010;select;"[CEDUR3.lebensqualitaet.FACIT_09]<table class='td_num'><tr><td>9.</td><td>Ich habe das Bedürfnis, tagsüber zu schlafen.</td></tr></table>";"Überhaupt nicht|Ein wenig|Mäßig|Ziemlich|Sehr";Patientenfragebogen;"2026-01-25 11:44:12";;
118600;10010;select;"[CEDUR3.lebensqualitaet.FACIT_10]<table class='td_num'><tr><td>10.</td><td>Ich bin zu müde, um zu essen</td></tr></table>";"Überhaupt nicht|Ein wenig|Mäßig|Ziemlich|Sehr";Patientenfragebogen;"2026-01-25 11:44:12";;
118700;10010;select;"[CEDUR3.lebensqualitaet.FACIT_11]<table class='td_num'><tr><td>11.</td><td>Ich brauche Hilfe bei meinen gewohnten Aktivitäten (Beruf, Einkaufen, Schule, Freizeit, Sport usw.)</td></tr></table>";"Überhaupt nicht|Ein wenig|Mäßig|Ziemlich|Sehr";Patientenfragebogen;"2026-01-25 11:44:12";;
118800;10010;select;"[CEDUR3.lebensqualitaet.FACIT_12]<table class='td_num'><tr><td>12.</td><td>Ich bin frustriert weil ich zu müde bin, die Dinge zu tun, die ich machen möchte</td></tr></table>";"Überhaupt nicht|Ein wenig|Mäßig|Ziemlich|Sehr";Patientenfragebogen;"2026-01-25 11:44:12";;
118900;10010;select;"[CEDUR3.lebensqualitaet.FACIT_13]<table class='td_num'><tr><td>13.</td><td>Ich musste meine sozialen Aktivitäten einschränken, weil ich müde bin.</td></tr></table>";"Überhaupt nicht|Ein wenig|Mäßig|Ziemlich|Sehr";Patientenfragebogen;"2026-01-25 11:44:12";;
119000;10010;select;"[CEDUR3.lebensqualitaet.BUS] Wie stark war Ihr plötzlicher oder dringender Stuhldrang in den vergangenen 24 Stunden (0 für keinen Stuhldrang bis 10 für schlimmstmöglicher Stuhldrang)?";0|1|2|3|4|5|6|7|8|9|10;Patientenfragebogen;"2026-01-25 11:44:12";;
119100;10010;select;"<table class='td_num'><tr><td>1.</td><td>Wie würden Sie Ihren Gesundheitszustand insgesamt beschreiben?</td></tr></table>";"ausgezeichnet|sehr gut|gut|einigermaßen|schlecht";Patientenfragebogen;"2026-01-25 11:44:12";;
119110;10010;select;"<table class='td_num'><tr><td>2.</td><td>Wie würden Sie Ihre Lebensqualität insgesamt beschreiben?</td></tr></table>";"ausgezeichnet|sehr gut|gut|einigermaßen|schlecht";Patientenfragebogen;"2026-01-25 11:44:12";;
119120;10010;select;"<table class='td_num'><tr><td>3.</td><td>Wie würden Sie Ihren körperlichen Gesundheitszustand insgesamt beschreiben?</td></tr></table>";"ausgezeichnet|sehr gut|gut|einigermaßen|schlecht";Patientenfragebogen;"2026-01-25 11:44:12";;
119130;10010;select;"<table class='td_num'><tr><td>4.</td><td>Wie würden Sie Ihre psychische Verfassung insgesamt beschreiben?<br>(Dazu zählen Ihre Stimmung und Ihre Fähigkeit, klar zu denken.)</td></tr></table>";"ausgezeichnet|sehr gut|gut|einigermaßen|schlecht";Patientenfragebogen;"2026-01-25 11:44:12";;
119140;10010;select;"<table class='td_num'><tr><td>5.</td><td>Wie zufrieden sind Sie insgesamt mit Ihren Aktivitäten mit anderen Menschen und mit Ihren Beziehungen zu anderen?</td></tr></table>";"ausgezeichnet|sehr gut|gut|einigermaßen|schlecht";Patientenfragebogen;"2026-01-25 11:44:12";;
119150;10010;select;"<table class='td_num'><tr><td>6.</td><td>Wie gut sind Sie insgesamt in der Lage, Aktivitäten mit anderen Menschen nachzugehen und Ihre Rollen im Alltag und in der Gemeinschaft auszufüllen.<br>(Dazu zählen Aktivitäten zu Hause, am Arbeitsplatz, in Ihrem Umfeld sowie Ihre Aufgaben als Elternteil, Sohn, Tochter, Lebenspartner/-in, im Berufsleben, in Ihrem Freundeskreis usw.)</td></tr></table>";"ausgezeichnet|sehr gut|gut|einigermaßen|schlecht";Patientenfragebogen;"2026-01-25 11:44:12";;
119160;10010;select;"<table class='td_num'><tr><td>7.</td><td>Inwieweit sind Sie in der Lage, alltägliche körperliche Aktivitäten auszuführen, z. B. Gehen, Treppensteigen, Einkäufe tragen oder Stühle verschieben?</td></tr></table>";"vollständig|größtenteils|halbwegs|ein wenig|überhaupt nicht";Patientenfragebogen;"2026-01-25 11:44:12";;
119170;10010;select;"<table class='td_num'><tr><td>8.</td><td>Wie oft haben Ihnen seelische Probleme zu schaffen gemacht, wie z. B. Angstgefühle, Traurigkeit, Niedergeschlagenheit oder Reizbarkeit? </td></tr></table>";nie|selten|manchmal|oft|immer;Patientenfragebogen;"2026-01-25 11:44:12";;
119180;10010;select;"<table class='td_num'><tr><td>9.</td><td>Wie ausgepägt war Ihre Müdigkeit im Durchschnitt?</td></tr></table>";"keine Müdigkeit|schwach|mäßig|stark|sehr stark";Patientenfragebogen;"2026-01-25 11:44:12";;
119190;10010;select;"<table class='td_num'><tr><td>10.</td><td>Wie würden Sie Ihre Schmerzen im Allgemeinen einschätzen auf einer Skala von 0 (keine Schmerzen) bis 10 (schlimmstmögliche Schmerzen)?</td></tr></table>";0|1|2|3|4|5|6|7|8|9|10;Patientenfragebogen;"2026-01-25 11:44:12";;
993344;10010;start_fieldset;"<img height='14px' src='../forms/images/dataentry.svg'> Anamnese";;Patientenfragebogen;"2026-01-25 11:44:12";;
1377995;10010;start_fieldset;"Lebensqualität (SIDBQ)";;Patientenfragebogen;"2026-01-25 11:44:12";;
1377996;10010;start_fieldset;"Lebensqualität (PROMIS)";;Patientenfragebogen;"2026-01-25 11:44:12";;
1377997;10010;start_fieldset;"Lebensqualität (FACIT - Fragebogen zur Einstufung der Erschöpfung)";;Patientenfragebogen;"2026-01-25 11:44:12";;
10005020;10010;text;Visite;;Patientenfragebogen;"2026-01-25 11:44:12";;
99991003;10010;start_fieldset;"<img height='14px' src='../forms/images/sae.svg'> Nebenwirkungen";;Patientenfragebogen;"2026-01-25 11:44:12";;
99991005;10010;start_fieldset;"<img height='14px' src='../forms/images/oparation.svg'> Operationen";;Patientenfragebogen;"2026-01-25 11:44:12";;
99991008;10010;start_fieldset;"<img height='14px' src='../forms/images/untersuchung.svg'> Ärztliche Untersuchung";;Patientenfragebogen;"2026-01-25 11:44:12";;
99991009;10010;start_fieldset;"<img height='14px' src='../forms/images/labor.svg'> Laborergebnisse";;Patientenfragebogen;"2026-01-25 11:44:12";;
99998001;10010;start_fieldset;"@ONETIME@<img height='14px' src='../forms/images/medikation.svg'> Vormedikation - frühere CED-Medikamente";;Patientenfragebogen;"2026-01-25 11:44:12";;
99998002;10010;start_fieldset;"<img height='14px' src='../forms/images/medikation.svg'> Aktuelle CED-Medikation/ Verordnung";;Patientenfragebogen;"2026-01-25 11:44:12";;
99999001;10010;info_100;"@ONETIME@Geben Sie hier bitte nur die Medikamente an, die Sie <strong>wegen Ihrer CED in der VERGANGENHEIT</strong> eingenommen und abgesetzt haben, also <strong>AKTUELL NICHT</strong> mehr einnehmen.<br><font style='font-size:11px@semikolon@color:gray'>Drücken Sie auf <label style='vertical-align:bottom'><svg xmlns='http://www.w3.org/2000/svg'  height='20px' width='20px' viewBox='0 -960 960 960' fill='#35a800ff'><path d='M440-280h80v-160h160v-80H520v-160h-80v160H280v80h160v160ZM200-120q-33 0-56.5-23.5T120-200v-560q0-33 23.5-56.5T200-840h560q33 0 56.5 23.5T840-760v560q0 33-23.5 56.5T760-120H200Zm0-80h560v-560H200v560Zm0-560v560-560Z'/></svg></label> (Hinzufügen) wenn Sie ein Medikament erfasst haben, um ein weiteres zu ergänzen oder die Eingabe zu beenden</font>";;Patientenfragebogen;"2026-01-25 11:44:12";;
99999002;10010;info_100;"@ONETIME@Bitte geben Sie die Medikamente ein, die Sie <strong>wegen Ihrer CED aktuell oder seit letzter Visite</strong> einnehmen.<br><font style='font-size:11px@semikolon@color:gray'>Drücken Sie auf <label style='vertical-align:bottom'><svg xmlns='http://www.w3.org/2000/svg'  height='20px' width='20px' viewBox='0 -960 960 960' fill='#35a800ff'><path d='M440-280h80v-160h160v-80H520v-160h-80v160H280v80h160v160ZM200-120q-33 0-56.5-23.5T120-200v-560q0-33 23.5-56.5T200-840h560q33 0 56.5 23.5T840-760v560q0 33-23.5 56.5T760-120H200Zm0-80h560v-560H200v560Zm0-560v560-560Z'/></svg></label> (Hinzufügen) wenn Sie ein Medikament erfasst haben, um ein weiteres zu ergänzen oder die Eingabe zu beenden</font>";;Patientenfragebogen;"2026-01-25 11:44:12";;
90;10020;text;pid;;Medikation;"2026-01-29 12:15:31";;
91;10020;text;Praxis-ID;;Medikation;"2026-01-29 12:15:31";;
92;10020;text;Cedur-Nr.;;Medikation;"2026-01-29 12:15:31";;
93;10020;text;VID;;Medikation;"2026-01-29 12:15:31";;
94;10020;text;Baseline;;Medikation;"2026-01-29 12:15:31";;
95;10020;text;Diagnose;;Medikation;"2026-01-29 12:15:31";;
96;10020;text;Geschlecht;;Medikation;"2026-01-29 12:15:31";;
98;10020;text;copy_from;;Medikation;"2026-01-29 12:15:31";;
99;10020;text;"copy_during (not used)";;Medikation;"2026-01-29 12:15:31";;
100;10020;text;E;;Medikation;"2026-01-29 12:15:31";;
99927;10020;start_fieldset;;;Medikation;"2026-01-29 12:15:31";;
10003057;10020;idonly_100;;;Medikation;"2026-01-29 12:15:31";;
10005020;10020;text;Visite;;Medikation;"2026-01-29 12:15:31";;
10020020;10020;select_col_30_30_30;"Medikamenten-Gruppe|Bitte wählen";"Anti-Durchfall Mittel|Biologika|Budesonid|Cortison-Präparate|Immunsenker|Mesalazine|Schmerzmittel|Andere Medikamente";Medikation;"2026-01-29 12:15:31";;
10020021;10020;select_col_30_30_30;Typ;"MP (V)|MP (M)";Medikation;"2026-01-29 12:15:31";;
10020040;10020;select_col_30_30_30;"Medikament Bezeichnung";;Medikation;"2026-01-29 12:15:31";;
10020050;10020;select_col_30_30_30_text;Einnahme-Start;;Medikation;"2026-01-29 12:15:31";;
10020060;10020;select_col_30_30_30_text;Einnahme-Stop;;Medikation;"2026-01-29 12:15:31";;
10020070;10020;select_col_30_30_30;Absetzungsgrund;"Nebenwirkungen|Hat nicht gewirkt|Hat erst gewirkt, dann aber die Wirkung verloren|Mein eigener Wunsch|Es ging mir gut (Remission)|Operation|Schwangerschaft|Andere";Medikation;"2026-01-29 12:15:31";;
10020080;10020;select_col_30_30_30;Schema;;Medikation;"2026-01-29 12:15:31";;
10020085;10020;select_col_30_30_30;"Dosierung (nur Infliximab)";5mg/kg|7,5mg/kg|10mg/kg|unbekannt;Medikation;"2026-01-29 12:15:31";;
900202200;10020;start_fieldset;Medikation;;Medikation;"2026-01-29 12:15:31";;
90;10050;text;pid;;Nebenwirkung;"2025-12-29 11:15:25";;
91;10050;text;Praxis-ID;;Nebenwirkung;"2025-12-29 11:15:25";;
92;10050;text;Cedur-Nr.;;Nebenwirkung;"2025-12-29 11:15:25";;
93;10050;text;VID;;Nebenwirkung;"2025-12-29 11:15:25";;
94;10050;text;Baseline;;Nebenwirkung;"2025-12-29 11:15:25";;
95;10050;text;Diagnose;;Nebenwirkung;"2025-12-29 11:15:25";;
96;10050;text;Geschlecht;;Nebenwirkung;"2025-12-29 11:15:25";;
100;10050;text;E;;Nebenwirkung;"2025-12-29 11:15:25";;
98561;10050;start_fieldset;Nebenwirkung;;Nebenwirkung;"2025-12-29 11:15:25";;
10050020;10050;select_col;"Nebenwirkung-Gruppe|Bitte wählen";"Allergische Reaktion|Atemwege|Auge|Gastrointestinal|Haut- und Anhangsgebilde|Herz-Kreislaufsystem|Hormonsystem|Hämatologisch|Infektionen|Malignome|Nervensystem|Niere|Skelettsystem|Stoffwechsel";Nebenwirkung;"2025-12-29 11:15:25";;
10050040;10050;select_col;"Nebenwirkung|Bitte wählen";;Nebenwirkung;"2025-12-29 11:15:25";;
10050050;10050;date_tc_col;Beginn;1950|this_year|true|false|Y(MD)|de;Nebenwirkung;"2025-12-29 11:15:25";;
10050070;10050;select_col;"Noch andauernd";Ja|Nein;Nebenwirkung;"2025-12-29 11:15:25";;
10050075;10050;date_tc_col;Ende;1950|this_year|true|false|Y(MD)|de;Nebenwirkung;"2025-12-29 11:15:25";;
10050080;10050;select_col;Schweregrad;leicht|mittelgradig|schwerwiegend|lebensbedrohlich|tot;Nebenwirkung;"2025-12-29 11:15:25";;
10050090;10050;select_col;Hospitalisierung;Ja|Nein;Nebenwirkung;"2025-12-29 11:15:25";;
10050100;10050;select_col;UAW-Meldung;Erstmeldung|Folgemeldung;Nebenwirkung;"2025-12-29 11:15:25";;
10050110;10050;select_col;"Maßnahme nach UAW";"keine|Dosisreduktion|neue Dosis|vorübergehend abgesetzt|dauerhaft abgesetzt";Nebenwirkung;"2025-12-29 11:15:25";;
10050120;10050;select_col;"Re-Exposition nach UAW";Ja|Nein;Nebenwirkung;"2025-12-29 11:15:25";;
10050130;10050;select_col;"Erneutes Auftreten?";Ja|Nein;Nebenwirkung;"2025-12-29 11:15:25";;
10050140;10050;select_col;Ausgang;"wiederhergestellt|wiederhergestellt mit Schädigung|nicht wiederhergestellt|unbekannt|Exitus";Nebenwirkung;"2025-12-29 11:15:25";;
10050150;10050;text_col;Todesursache;;Nebenwirkung;"2025-12-29 11:15:25";;
10050160;10050;select_col;"Möglicher medikamentöser Zusammenhang";"kein Zusammenhang|Zusammenhang unwahrscheinlich|Zusammenhang möglich|Zusammenhang wahrscheinlich|Zusammenhang sicher";Nebenwirkung;"2025-12-29 11:15:25";;
10050170;10050;text_col;"Andere Ursache";;Nebenwirkung;"2025-12-29 11:15:25";;
10050180;10050;select_col;Medikament;;Nebenwirkung;"2025-12-29 11:15:25";;
991002;99901;idonly_100;;;MIQ_Form;"2026-01-18 14:29:58";;
99901001;99901;text;"Modulnummer (fg)";;MIQ_Form;"2026-01-18 14:29:58";;
99901002;99901;text;Modulname;;MIQ_Form;"2026-01-18 14:29:58";;
99901003;99901;text;WinboxID;;MIQ_Form;"2026-01-18 14:29:58";;
99902000;99902;text;Eltern;;MIQ_Menue;"2026-01-18 14:30:03";;
99902001;99902;text;Menueintrag;;MIQ_Menue;"2026-01-18 14:30:03";;
99902002;99902;text;Ebene;;MIQ_Menue;"2026-01-18 14:30:03";;
99902003;99902;text;Reihenfolge;;MIQ_Menue;"2026-01-18 14:30:03";;
99902004;99902;text;Funktion;;MIQ_Menue;"2026-01-18 14:30:03";;
99902005;99902;textarea_1br_100;Call;;MIQ_Menue;"2026-01-18 14:30:03";;
99902006;99902;text;No-parse;;MIQ_Menue;"2026-01-18 14:30:03";;
99902007;99902;text;href;;MIQ_Menue;"2026-01-18 14:30:03";;
99902008;99902;text;rights;;MIQ_Menue;"2026-01-18 14:30:03";;
99902009;99902;text;Position;;MIQ_Menue;"2026-01-18 14:30:03";;
99902010;99902;text;Form-Name;;MIQ_Menue;"2026-01-18 14:30:03";;
99902011;99902;text;Felder;;MIQ_Menue;"2026-01-18 14:30:03";;
99902012;99902;text;WinboxID;;MIQ_Menue;"2026-01-18 14:30:03";;
99902013;99902;text;Arbeitsmodus;;MIQ_Menue;"2026-01-18 14:30:03";;
99902015;99902;text;Limit;;MIQ_Menue;"2026-01-18 14:30:03";;
99902020;99902;text;"Titel/ Überschrift";;MIQ_Menue;"2026-01-18 14:30:03";;
